source_id,name,source_type,market,discipline_focus,tier,website_url,opencalls_url,instagram_url,scrape_method,status,needs_verification,notes
src_001,HAU Hebbel am Ufer,Institution,berlin,interdisciplinary,2,https://www.hebbel-am-ufer.de,,https://instagram.com/hebbelamufer,,active,FALSE,
src_002,Uferstudios Berlin,Institution,berlin,dance,2,https://www.uferstudios.com,,https://instagram.com/uferstudios,,active,FALSE,
src_003,CTM Festival & Workspace,Institution,berlin,"sound,live_electronics",2,https://www.ctm-festival.de,,https://instagram.com/ctmfestival,,active,FALSE,
src_004,Radialsystem V,Institution,berlin,interdisciplinary,2,https://radialsystem.de,,https://instagram.com/radialsystem_berlin,,active,FALSE,
src_005,Tanzfabrik Berlin,Institution,berlin,dance,2,https://www.tanzfabrik-berlin.de,,https://instagram.com/tanzfabrikberlin,,active,FALSE,
src_006,Musicboard Berlin,Institution,berlin,"sound,live_electronics",2,https://www.musicboard-berlin.de,,https://instagram.com/musicboardberlin,,active,FALSE,
src_007,Sophiensæle,Institution,berlin,interdisciplinary,2,https://sophiensaele.com,,https://instagram.com/sophiensaele,,active,FALSE,
src_008,Kulturrådet (Swedish Arts Council),Institution,stockholm,interdisciplinary,2,,,,,active,TRUE,
src_009,Dansens Hus Stockholm,Institution,stockholm,dance,2,https://dansenshus.se,,https://instagram.com/dansenshusstockholm,,active,FALSE,
src_010,EMS Elektronmusikstudion,Institution,stockholm,"sound,live_electronics",2,https://elektronmusikstudion.se,,,,active,FALSE,
src_011,MDT Moderna Dansteatern,Institution,stockholm,dance,2,https://mdtsthlm.se,,https://instagram.com/mdtsthlm,,active,FALSE,
src_012,Onassis Stegi,Institution,athens,interdisciplinary,2,https://www.onassis.org/onassis-stegi,,https://instagram.com/onassis.stegi,,active,FALSE,
src_013,Romantso Cultural Hub,Institution,athens,"sound,live_electronics",2,https://romantso.gr,,https://instagram.com/romantsoathens,,active,FALSE,
src_014,The Saison Foundation / Morishita Studio,Institution,tokyo,dance,2,https://www.saison.or.jp,,,,active,FALSE,
src_015,Tokyo Arts and Space (TOKAS),Institution,tokyo,interdisciplinary,2,https://www.tokyoartsandspace.jp,,https://instagram.com/tokas_tokyo,,active,FALSE,
src_016,Seoul Dance Center,Institution,seoul,dance,2,https://www.sfac.or.kr,,,,active,FALSE,
src_017,ARKO (Arts Council Korea),Institution,seoul,interdisciplinary,2,https://www.arko.or.kr,,https://instagram.com/arko_korea,,active,FALSE,
src_018,Cricoteka Centre for the Documentation of Art,Institution,krakow,interdisciplinary,2,https://cricoteka.pl,,https://instagram.com/cricoteka,,active,FALSE,
src_019,Bimhuis & Muziekgebouw aan 't IJ,Institution,amsterdam,"sound,live_electronics",2,https://www.bimhuis.nl,,https://instagram.com/bimhuis,,active,FALSE,
src_020,Dansmakers / ICK Dans Amsterdam,Institution,amsterdam,dance,2,https://www.ickamsterdam.com,,https://instagram.com/ickdansamsterdam,,active,FALSE,
src_021,Stimuleringsfonds Creatieve Industrie,Institution,amsterdam,interdisciplinary,2,https://www.stimuleringsfonds.nl,,,,active,FALSE,
src_022,Centre National de la Danse (CND Pantin),Institution,paris,dance,2,https://www.cnd.fr,,https://instagram.com/cndcameraspresse,,active,FALSE,
src_023,IRCAM (Institut de Recherche et Coordination Acoustique/Musique),Institution,paris,"sound,live_electronics",2,https://www.ircam.fr,,https://instagram.com/ircam_paris,,active,FALSE,
src_024,Dansehallerne,Institution,copenhagen,dance,2,https://dansehallerne.dk,,https://instagram.com/dansehallerne,,active,FALSE,
src_025,Alice cph,Institution,copenhagen,"sound,live_electronics",2,https://alicecph.com,,https://instagram.com/alicecph,,active,FALSE,
src_026,Mercat de les Flors,Institution,barcelona,dance,2,https://mercatflors.cat,,https://instagram.com/mercatflors,,active,FALSE,
src_027,Hangar Barcelona,Institution,barcelona,interdisciplinary,2,https://hangar.org,,https://instagram.com/hangar_org,,active,FALSE,
src_028,Dansens Hus Oslo,Institution,oslo,dance,2,https://www.dansenshus.com,,https://instagram.com/dansenshusoslo,,active,FALSE,
src_029,NOTAM (Norwegian Centre for Technology in Music and the Arts),Institution,oslo,"sound,live_electronics",2,https://notam.no,,https://instagram.com/notamoslo,,active,FALSE,
src_030,Les Subsistances (Les Subs),Institution,lyon,interdisciplinary,2,https://www.les-subs.com,,https://instagram.com/les_subs,,active,FALSE,
src_031,Lavanderia a Vapore (Piemonte dal Vivo),Institution,turin,dance,2,https://www.lavanderiaavapore.eu,,https://instagram.com/lavanderiaavapore,,active,FALSE,
src_032,Studio ALTA,Institution,prague,interdisciplinary,2,https://www.altart.cz,,https://instagram.com/studioalta,,active,FALSE,
src_033,Nowy Teatr,Institution,warsaw,interdisciplinary,2,https://nowyteatr.org,,https://instagram.com/nowy_teatr,,active,FALSE,
src_034,Body/Mind Festival (Ciało/Umysł),Institution,warsaw,dance,2,,,,,active,TRUE,
src_035,Culturgest,Institution,lisbon,interdisciplinary,2,https://www.culturgest.pt,,https://instagram.com/culturgest,,active,FALSE,
src_036,Galeria Zé dos Bois (ZDB),Institution,lisbon,"sound,live_electronics",2,https://zedosbois.org,,https://instagram.com/galeriazedosbois,,active,FALSE,
src_037,TanzFaktur Köln,Institution,cologne,dance,2,https://tanzfaktur.eu,,https://instagram.com/tanzfaktur,,active,FALSE,
src_038,Kunststiftung NRW,Institution,cologne,interdisciplinary,2,https://www.kunststiftung-nrw.de,,,,active,FALSE,
src_039,PACT Zollverein,Institution,cologne,dance,2,https://www.pact-zollverein.de,,https://instagram.com/pact_zollverein,,active,FALSE,
src_040,Akademie der Künste der Welt (ADKDW Köln),Institution,cologne,interdisciplinary,2,https://www.adkdw.org,,https://instagram.com/adkdw_cologne,,active,FALSE,
src_041,Tanzquartier Wien (TQW),Institution,vienna,dance,2,https://tqw.at,,https://instagram.com/tanzquartierwien,,active,FALSE,
src_042,brut Wien,Institution,vienna,interdisciplinary,2,https://brut-wien.at,,https://instagram.com/brutwien,,active,FALSE,
src_043,ImPulsTanz Vienna International Dance Festival,Institution,vienna,dance,2,https://www.impulstanz.com,,https://instagram.com/impulstanz,,active,FALSE,
src_044,Rote Fabrik,Institution,zurich,interdisciplinary,2,https://rotefabrik.ch,,https://instagram.com/rotefabrik,,active,FALSE,
src_045,Gessnerallee Zürich,Institution,zurich,interdisciplinary,2,https://gessnerallee.ch,,https://instagram.com/gessnerallee,,active,FALSE,
src_046,Pro Helvetia (Swiss Arts Council),Institution,zurich,interdisciplinary,2,https://prohelvetia.ch,,https://instagram.com/prohelvetia,,active,FALSE,
src_047,Bassiani & Horoom Cultural Space,Institution,tbilisi,"sound,live_electronics",2,https://bassiani.com,,https://instagram.com/basssiani,,active,FALSE,
src_048,Khidi Cultural Platform,Institution,tbilisi,"sound,live_electronics",2,https://khidi.ge,,https://instagram.com/khidiclub,,active,FALSE,
src_049,Kelim Choreography Center,Institution,tel_aviv,dance,2,https://kelim.org.il,,https://instagram.com/kelim_choreography_center,,active,FALSE,
src_050,Tmuna Theater,Institution,tel_aviv,interdisciplinary,2,https://www.tmuna.org.il,,https://instagram.com/tmunatheater,,active,FALSE,
src_051,Suzanne Dellal Centre,Institution,tel_aviv,dance,2,https://suzannedellal.org.il,,https://instagram.com/suzannedellalcentre,,active,FALSE,
src_052,Mifal HaPais Arts Council,Institution,tel_aviv,interdisciplinary,2,https://culture.pais.co.il,,,,active,FALSE,
src_053,Hazira Performance Art Arena,Institution,tel_aviv,interdisciplinary,2,https://hazira.org.il,,https://instagram.com/hazira_arena,,active,FALSE,
src_054,Beursschouwburg,Institution,brussels,interdisciplinary,2,https://beursschouwburg.be,,https://instagram.com/beursschouwburg,,active,FALSE,
src_055,Kunstenfestivaldesarts,Institution,brussels,interdisciplinary,2,https://kfda.be,,https://instagram.com/kfda_brussels,,active,FALSE,
src_056,Charleroi danse (La Raffinerie),Institution,brussels,dance,2,https://www.charleroi-danse.be,,https://instagram.com/charleroidanse,,active,FALSE,
src_057,Q-O2 Workspace for Experimental Music and Sound Art,Institution,brussels,"sound,live_electronics",2,https://www.q-o2.be,,,,active,FALSE,
